Workbook
Name MatrizAceptabilidad: '00_RMP'!$C$31:$G$35
Name NivelesP: '00_RMP'!$B$31:$B$35
Name NivelesS: '00_RMP'!$C$30:$G$30

Sheet 00_RMP
A1: Risk Management Plan (RMP)
A3: INFORMATION
A4: device_name | B4: BIV-300
A5: manufacturer | B5: Tu Institución
A6: version | B6: 1.0
A7: created_date | B7: =TODAY() -> 46158
A8: responsible | B8: Tu Nombre
A10: SEVERITY SCALE
A11: Nivel | B11: Descriptor | C11: Descripción
A12: S1 | B12: Negligible | C12: Sin daño o daño mínimo
A13: S2 | B13: Minor | C13: Lesión temporal sin intervención médica
A14: S3 | B14: Serious | C14: Lesión que requiere intervención médica
A15: S4 | B15: Critical | C15: Lesión permanente o discapacidad irreversible
A16: S5 | B16: Catastrophic | C16: Muerte
A19: PROBABILITY SCALE
A20: Nivel | B20: Rango | C20: Descriptor | D20: Interpretación
A21: P1 | B21: P < 10⁻⁶ | C21: Improbable | D21: 1 en 1,000,000
A22: P2 | B22: 10⁻⁶ ≤ P < 10⁻⁵ | C22: Remoto | D22: 1 en 100,000
A23: P3 | B23: 10⁻⁵ ≤ P < 10⁻⁴ | C23: Ocasional | D23: 1 en 10,000
A24: P4 | B24: 10⁻⁴ ≤ P < 10⁻³ | C24: Probable | D24: 1 en 1,000
A25: P5 | B25: P ≥ 10⁻³ | C25: Frecuente | D25: ≥ 1 en 1,000
A28: ACCEPTABILITY MATRIX
C29: S | D29: S | E29: S | F29: S | G29: S
C30: 1 | D30: 2 | E30: 3 | F30: 4 | G30: 5
A31: P | B31: 5 | C31: ALARP | D31: ALARP | E31: ❌ | F31: ❌ | G31: ❌
A32: P | B32: 4 | C32: ✅ | D32: ALARP | E32: ALARP | F32: ❌ | G32: ❌
A33: P | B33: 3 | C33: ✅ | D33: ✅ | E33: ALARP | F33: ALARP | G33: ❌
A34: P | B34: 2 | C34: ✅ | D34: ✅ | E34: ✅ | F34: ALARP | G34: ALARP
A35: P | B35: 1 | C35: ✅ | D35: ✅ | E35: ✅ | F35: ✅ | G35: ALARP

Sheet 01_PHA
A1: Preliminary Hazard Analysis (PHA)
A3: ID_Hazard | B3: Hazard_Name | C3: Description | D3: Severity | E3: Source
A4: H-001 | B4: Clamp falla | C4: Flujo libre causando sobredosis | D4: S5 | E4: Análisis fallos
A5: H-002 | B5: Usuario digita dosis incorrecta | C5: Interfaz confusa en turno nocturno | D5: S5 | E5: Usabilidad
A6: H-003 | B6: Batería agota | C6: Sistema se apaga sin aviso previo | D6: S4 | E6: Electrónico
A7: H-004 | B7: FET se quema | C7: Corto circuito en etapa de potencia | D7: S4 | E7: Electrónico
A8: H-005 | B8: Motor no arranca | C8: Falla mecánica del actuador lineal | D8: S4 | E8: Mecánico
A9: H-006 | B9: Software calcula caudal incorrecto | C9: Overflow aritmético en cálculo de caudal | D9: S5 | E9: Software
A10: H-007 | B10: Usuario olvida calibrar | C10: Setup inicial completamente omitido | D10: S4 | E10: Usabilidad
A11: H-008 | B11: Tubing se desconecta | C11: Acoplamiento deficiente, flujo libre | D11: S5 | E11: Mecánico
A12: H-009 | B12: Sensor de caudal falla | C12: Lectura errática o cero permanente | D12: S4 | E12: Electrónico
A13: H-010 | B13: Pantalla se congela | C13: Watchdog timer no reinicia correctamente | D13: S3 | E13: Software
A14: H-011 | B14: Alarma no suena | C14: Buzzer falla o volumen insuficiente | D14: S5 | E14: Electrónico
... A18: H-015 | B18: Buffer overflow serial | C18: Software no responde a entrada serial | D18: S3 | E18: Software

Sheet 02_dFMEA
A1: Design FMEA (Mecánico / Electrónico / Software)
A2: ⚠️ Columnas K,L,M,Q,R,S son AUTOMÁTICAS (amarillo) — NO editar
A3: ID_Hazard | B3: Domain | C3: Failure_Mode | D3: Effect_Patient | E3: S | F3: P1_method | G3: P1 | H3: Mechanism_P2 | I3: P2 | J3: P3 | K3: P_daño | L3: Nivel_P | M3: RI_inicial | N3: Control_Desc | O3: P2_residual | P3: P3_residual | Q3: P_daño_residual | R3: Nivel_P_residual | S3: RR_residual
A4: H-001 | B4: Mecánico | C4: Resorte se rompe | D4: Flujo libre | E4: 5 | F4: Stress-Strength | G4: 3e-14 | H4: Montaje visual | I4: 0.02 | J4: 0.9 | K4: =G4*I4*J4 -> 5.4e-16 | L4: =IF(K4<0.000001,1,IF(K4<0.00001,2,IF(K4<0.0001,3,IF(K4<0.001,4,5)))) -> 1 | M4: =INDEX(MatrizAceptabilidad,MATCH(L4,NivelesP,0),MATCH(E4,NivelesS,0)) -> ALARP | Q4: =G4*O4*P4 -> 0 | R4: =IF(Q4<0.000001,1,IF(Q4<0.00001,2,IF(Q4<0.0001,3,IF(Q4<0.001,4,5)))) -> 1 | S4: =INDEX(MatrizAceptabilidad,MATCH(R4,NivelesP,0),MATCH(E4,NivelesS,0)) -> ALARP
A5: H-004 | B5: Electrónico | C5: FET falla | D5: Pérdida potencia | E5: 4 | F5: Exponencial | G5: 0.00276 | H5: Watchdog | I5: 0.006 | J5: 0.575 | K5: =G5*I5*J5 -> 9.522e-06 | L5: =IF(K5<0.000001,1,IF(K5<0.00001,2,IF(K5<0.0001,3,IF(K5<0.001,4,5)))) -> 2 | M5: =INDEX(MatrizAceptabilidad,MATCH(L5,NivelesP,0),MATCH(E5,NivelesS,0)) -> ALARP | Q5: =G5*O5*P5 -> 0 | R5: =IF(Q5<0.000001,1,IF(Q5<0.00001,2,IF(Q5<0.0001,3,IF(Q5<0.001,4,5)))) -> 1 | S5: =INDEX(MatrizAceptabilidad,MATCH(R5,NivelesP,0),MATCH(E5,NivelesS,0)) -> ✅
A6: H-006 | B6: Software | C6: Overflow aritmético | D6: Caudal incorrecto | E6: 5 | F6: Proxy IEC 62304 | G6: 0.15 | H6: Encoder+Presión | I6: 0.018 | J6: 0.025 | K6: =G6*I6*J6 -> 6.75e-05 | L6: =IF(K6<0.000001,1,IF(K6<0.00001,2,IF(K6<0.0001,3,IF(K6<0.001,4,5)))) -> 3 | M6: =INDEX(MatrizAceptabilidad,MATCH(L6,NivelesP,0),MATCH(E6,NivelesS,0)) -> ❌ | Q6: =G6*O6*P6 -> 0 | R6: =IF(Q6<0.000001,1,IF(Q6<0.00001,2,IF(Q6<0.0001,3,IF(Q6<0.001,4,5)))) -> 1 | S6: =INDEX(MatrizAceptabilidad,MATCH(R6,NivelesP,0),MATCH(E6,NivelesS,0)) -> ALARP
A7: H-008 | B7: Mecánico | C7: Tubing se desconecta | D7: Flujo libre | E7: 5 | F7: Stress-Strength | G7: 1e-10 | H7: Inspección visual | I7: 0.03 | J7: 0.85 | K7: =G7*I7*J7 -> 2.55e-12 | L7: =IF(K7<0.000001,1,IF(K7<0.00001,2,IF(K7<0.0001,3,IF(K7<0.001,4,5)))) -> 1 | M7: =INDEX(MatrizAceptabilidad,MATCH(L7,NivelesP,0),MATCH(E7,NivelesS,0)) -> ALARP | Q7: =G7*O7*P7 -> 0 | R7: =IF(Q7<0.000001,1,IF(Q7<0.00001,2,IF(Q7<0.0001,3,IF(Q7<0.001,4,5)))) -> 1 | S7: =INDEX(MatrizAceptabilidad,MATCH(R7,NivelesP,0),MATCH(E7,NivelesS,0)) -> ALARP
A8: H-009 | B8: Electrónico | C8: Sensor caudal falla | D8: Sin lectura | E8: 4 | F8: Exponencial | G8: 0.00055 | H8: Auto-test | I8: 0.01 | J8: 0.8 | K8: =G8*I8*J8 -> 4.4e-06 | L8: =IF(K8<0.000001,1,IF(K8<0.00001,2,IF(K8<0.0001,3,IF(K8<0.001,4,5)))) -> 2 | M8: =INDEX(MatrizAceptabilidad,MATCH(L8,NivelesP,0),MATCH(E8,NivelesS,0)) -> ALARP | Q8: =G8*O8*P8 -> 0 | R8: =IF(Q8<0.000001,1,IF(Q8<0.00001,2,IF(Q8<0.0001,3,IF(Q8<0.001,4,5)))) -> 1 | S8: =INDEX(MatrizAceptabilidad,MATCH(R8,NivelesP,0),MATCH(E8,NivelesS,0)) -> ✅
A9: H-011 | B9: Electrónico | C9: Buzzer no activa | D9: Alarma silenciosa | E9: 5 | F9: Exponencial | G9: 0.001 | H9: Test diario | I9: 0.05 | J9: 0.95 | K9: =G9*I9*J9 -> 4.75e-05 | L9: =IF(K9<0.000001,1,IF(K9<0.00001,2,IF(K9<0.0001,3,IF(K9<0.001,4,5)))) -> 3 | M9: =INDEX(MatrizAceptabilidad,MATCH(L9,NivelesP,0),MATCH(E9,NivelesS,0)) -> ❌ | Q9: =G9*O9*P9 -> 0 | R9: =IF(Q9<0.000001,1,IF(Q9<0.00001,2,IF(Q9<0.0001,3,IF(Q9<0.001,4,5)))) -> 1 | S9: =INDEX(MatrizAceptabilidad,MATCH(R9,NivelesP,0),MATCH(E9,NivelesS,0)) -> ALARP
A10: H-013 | B10: Mecánico | C10: Cable suelto | D10: Desconexión | E10: 4 | F10: Stress-Strength | G10: 5e-08 | H10: Inspección | I10: 0.1 | J10: 0.7 | K10: =G10*I10*J10 -> 3.5e-09 | L10: =IF(K10<0.000001,1,IF(K10<0.00001,2,IF(K10<0.0001,3,IF(K10<0.001,4,5)))) -> 1 | M10: =INDEX(MatrizAceptabilidad,MATCH(L10,NivelesP,0),MATCH(E10,NivelesS,0)) -> ✅ | Q10: =G10*O10*P10 -> 0 | R10: =IF(Q10<0.000001,1,IF(Q10<0.00001,2,IF(Q10<0.0001,3,IF(Q10<0.001,4,5)))) -> 1 | S10: =INDEX(MatrizAceptabilidad,MATCH(R10,NivelesP,0),MATCH(E10,NivelesS,0)) -> ✅
A11: H-014 | B11: Electrónico | C11: Sensor presión falla | D11: No detecta presión | E11: 5 | F11: Exponencial | G11: 0.0003 | H11: Alarma redundante | I11: 0.008 | J11: 0.9 | K11: =G11*I11*J11 -> 2.16e-06 | L11: =IF(K11<0.000001,1,IF(K11<0.00001,2,IF(K11<0.0001,3,IF(K11<0.001,4,5)))) -> 2 | M11: =INDEX(MatrizAceptabilidad,MATCH(L11,NivelesP,0),MATCH(E11,NivelesS,0)) -> ALARP | Q11: =G11*O11*P11 -> 0 | R11: =IF(Q11<0.000001,1,IF(Q11<0.00001,2,IF(Q11<0.0001,3,IF(Q11<0.001,4,5)))) -> 1 | S11: =INDEX(MatrizAceptabilidad,MATCH(R11,NivelesP,0),MATCH(E11,NivelesS,0)) -> ALARP
A12: H-010 | B12: Software | C12: Pantalla congela | D12: No responde | E12: 3 | F12: Proxy IEC 62304 | G12: 0.1 | H12: Watchdog HW | I12: 0.05 | J12: 0.4 | K12: =G12*I12*J12 -> 0.002 | L12: =IF(K12<0.000001,1,IF(K12<0.00001,2,IF(K12<0.0001,3,IF(K12<0.001,4,5)))) -> 5 | M12: =INDEX(MatrizAceptabilidad,MATCH(L12,NivelesP,0),MATCH(E12,NivelesS,0)) -> ❌ | Q12: =G12*O12*P12 -> 0 | R12: =IF(Q12<0.000001,1,IF(Q12<0.00001,2,IF(Q12<0.0001,3,IF(Q12<0.001,4,5)))) -> 1 | S12: =INDEX(MatrizAceptabilidad,MATCH(R12,NivelesP,0),MATCH(E12,NivelesS,0)) -> ✅
A13: H-015 | B13: Software | C13: Buffer overflow | D13: No responde serial | E13: 3 | F13: Proxy IEC 62304 | G13: 0.08 | H13: Sanitización | I13: 0.02 | J13: 0.3 | K13: =G13*I13*J13 -> 0.00048 | L13: =IF(K13<0.000001,1,IF(K13<0.00001,2,IF(K13<0.0001,3,IF(K13<0.001,4,5)))) -> 4 | M13: =INDEX(MatrizAceptabilidad,MATCH(L13,NivelesP,0),MATCH(E13,NivelesS,0)) -> ALARP | Q13: =G13*O13*P13 -> 0 | R13: =IF(Q13<0.000001,1,IF(Q13<0.00001,2,IF(Q13<0.0001,3,IF(Q13<0.001,4,5)))) -> 1 | S13: =INDEX(MatrizAceptabilidad,MATCH(R13,NivelesP,0),MATCH(E13,NivelesS,0)) -> ✅

Sheet 03_uFMEA
A1: Usability FMEA (Error de Usuario)
A2: ⚠️ Columnas J,K,L,P,Q,R son AUTOMÁTICAS (amarillo) — NO editar
A3: ID_Hazard | B3: User_Error | C3: Context | D3: S | E3: P1_method | F3: P1 | G3: Protections | H3: P2 | I3: P3 | J3: P_daño | K3: Nivel_P | L3: RI_inicial | M3: Control_Desc | N3: P2_residual | O3: P3_residual | P3: P_daño_residual | Q3: Nivel_P_residual | R3: RR_residual
A4: H-002 | B4: Digita 150 vs 15 | C4: Turno nocturno | D4: 5 | E4: Empírico | F4: 0.2 | G4: Pantalla confirm+DL | H4: 0.012 | I4: 0.425 | J4: =F4*H4*I4 -> 0.00102 | K4: =IF(J4<0.000001,1,IF(J4<0.00001,2,IF(J4<0.0001,3,IF(J4<0.001,4,5)))) -> 5 | L4: =INDEX(MatrizAceptabilidad,MATCH(K4,NivelesP,0),MATCH(D4,NivelesS,0)) -> ❌ | P4: =F4*N4*O4 -> 0 | Q4: =IF(P4<0.000001,1,IF(P4<0.00001,2,IF(P4<0.0001,3,IF(P4<0.001,4,5)))) -> 1 | R4: =INDEX(MatrizAceptabilidad,MATCH(Q4,NivelesP,0),MATCH(D4,NivelesS,0)) -> ALARP
A5: H-007 | B5: Olvida calibrar | C5: Prisa setup | D5: 4 | E5: Empírico | F5: 0.05 | G5: Auto-test inicio | H5: 0.01 | I5: 0.3 | J5: =F5*H5*I5 -> 0.00015 | K5: =IF(J5<0.000001,1,IF(J5<0.00001,2,IF(J5<0.0001,3,IF(J5<0.001,4,5)))) -> 4 | L5: =INDEX(MatrizAceptabilidad,MATCH(K5,NivelesP,0),MATCH(D5,NivelesS,0)) -> ❌ | P5: =F5*N5*O5 -> 0 | Q5: =IF(P5<0.000001,1,IF(P5<0.00001,2,IF(P5<0.0001,3,IF(P5<0.001,4,5)))) -> 1 | R5: =INDEX(MatrizAceptabilidad,MATCH(Q5,NivelesP,0),MATCH(D5,NivelesS,0)) -> ✅
A6: H-012 | B6: Confunde botones | C6: Layout similar | D6: 4 | E6: Empírico | F6: 0.15 | G6: Etiquetas claras | H6: 0.02 | I6: 0.5 | J6: =F6*H6*I6 -> 0.0015 | K6: =IF(J6<0.000001,1,IF(J6<0.00001,2,IF(J6<0.0001,3,IF(J6<0.001,4,5)))) -> 5 | L6: =INDEX(MatrizAceptabilidad,MATCH(K6,NivelesP,0),MATCH(D6,NivelesS,0)) -> ❌ | P6: =F6*N6*O6 -> 0 | Q6: =IF(P6<0.000001,1,IF(P6<0.00001,2,IF(P6<0.0001,3,IF(P6<0.001,4,5)))) -> 1 | R6: =INDEX(MatrizAceptabilidad,MATCH(Q6,NivelesP,0),MATCH(D6,NivelesS,0)) -> ✅
A7: H-005 | B7: No detecta alarma | C7: Ambiente ruidoso | D7: 4 | E7: Empírico | F7: 0.1 | G7: Alarma visual LED | H7: 0.03 | I7: 0.7 | J7: =F7*H7*I7 -> 0.0021 | K7: =IF(J7<0.000001,1,IF(J7<0.00001,2,IF(J7<0.0001,3,IF(J7<0.001,4,5)))) -> 5 | L7: =INDEX(MatrizAceptabilidad,MATCH(K7,NivelesP,0),MATCH(D7,NivelesS,0)) -> ❌ | P7: =F7*N7*O7 -> 0 | Q7: =IF(P7<0.000001,1,IF(P7<0.00001,2,IF(P7<0.0001,3,IF(P7<0.001,4,5)))) -> 1 | R7: =INDEX(MatrizAceptabilidad,MATCH(Q7,NivelesP,0),MATCH(D7,NivelesS,0)) -> ✅
A8: H-003 | B8: No conecta cable | C8: Distracción setup | D8: 3 | E8: Empírico | F8: 0.08 | G8: Indicador en pantalla | H8: 0.015 | I8: 0.4 | J8: =F8*H8*I8 -> 0.00048 | K8: =IF(J8<0.000001,1,IF(J8<0.00001,2,IF(J8<0.0001,3,IF(J8<0.001,4,5)))) -> 4 | L8: =INDEX(MatrizAceptabilidad,MATCH(K8,NivelesP,0),MATCH(D8,NivelesS,0)) -> ALARP | P8: =F8*N8*O8 -> 0 | Q8: =IF(P8<0.000001,1,IF(P8<0.00001,2,IF(P8<0.0001,3,IF(P8<0.001,4,5)))) -> 1 | R8: =INDEX(MatrizAceptabilidad,MATCH(Q8,NivelesP,0),MATCH(D8,NivelesS,0)) -> ✅
A9: H-008 | B9: Acopla tubing mal | C9: Conexión similar | D9: 5 | E9: Empírico | F9: 0.12 | G9: Conector color | H9: 0.02 | I9: 0.8 | J9: =F9*H9*I9 -> 0.00192 | K9: =IF(J9<0.000001,1,IF(J9<0.00001,2,IF(J9<0.0001,3,IF(J9<0.001,4,5)))) -> 5 | L9: =INDEX(MatrizAceptabilidad,MATCH(K9,NivelesP,0),MATCH(D9,NivelesS,0)) -> ❌ | P9: =F9*N9*O9 -> 0 | Q9: =IF(P9<0.000001,1,IF(P9<0.00001,2,IF(P9<0.0001,3,IF(P9<0.001,4,5)))) -> 1 | R9: =INDEX(MatrizAceptabilidad,MATCH(Q9,NivelesP,0),MATCH(D9,NivelesS,0)) -> ALARP
A10: H-014 | B10: Ignora alarma presión | C10: Fatiga alarmas | D10: 4 | E10: Empírico | F10: 0.25 | G10: Alarma no silenciable | H10: 0.008 | I10: 0.6 | J10: =F10*H10*I10 -> 0.0012 | K10: =IF(J10<0.000001,1,IF(J10<0.00001,2,IF(J10<0.0001,3,IF(J10<0.001,4,5)))) -> 5 | L10: =INDEX(MatrizAceptabilidad,MATCH(K10,NivelesP,0),MATCH(D10,NivelesS,0)) -> ❌ | P10: =F10*N10*O10 -> 0 | Q10: =IF(P10<0.000001,1,IF(P10<0.00001,2,IF(P10<0.0001,3,IF(P10<0.001,4,5)))) -> 1 | R10: =INDEX(MatrizAceptabilidad,MATCH(Q10,NivelesP,0),MATCH(D10,NivelesS,0)) -> ✅

Sheet 04_Risk_Eval
A1: Risk Evaluation — Consolidada
A2: ⚠️ Columnas B-H son AUTOMÁTICAS via VLOOKUP — NO editar
A3: ID_Hazard | B3: Domain | C3: Hazard_Desc | D3: S | E3: Nivel_P_i | F3: RI_i | G3: Nivel_P_r | H3: RR_r
A4: H-001 | B4: =VLOOKUP(A4,'02_dFMEA'!$A:$S,2,FALSE) -> Mecánico | C4: =VLOOKUP(A4,'02_dFMEA'!$A:$S,4,FALSE) -> Flujo libre | D4: =VLOOKUP(A4,'02_dFMEA'!$A:$S,5,FALSE) -> 5 | E4: =VLOOKUP(A4,'02_dFMEA'!$A:$S,12,FALSE) -> 1 | F4: =VLOOKUP(A4,'02_dFMEA'!$A:$S,13,FALSE) -> ALARP | G4: =VLOOKUP(A4,'02_dFMEA'!$A:$S,18,FALSE) -> 1 | H4: =VLOOKUP(A4,'02_dFMEA'!$A:$S,19,FALSE) -> ALARP
A5: H-004 | B5: =VLOOKUP(A5,'02_dFMEA'!$A:$S,2,FALSE) -> Electrónico | C5: =VLOOKUP(A5,'02_dFMEA'!$A:$S,4,FALSE) -> Pérdida potencia | D5: =VLOOKUP(A5,'02_dFMEA'!$A:$S,5,FALSE) -> 4 | E5: =VLOOKUP(A5,'02_dFMEA'!$A:$S,12,FALSE) -> 2 | F5: =VLOOKUP(A5,'02_dFMEA'!$A:$S,13,FALSE) -> ALARP | G5: =VLOOKUP(A5,'02_dFMEA'!$A:$S,18,FALSE) -> 1 | H5: =VLOOKUP(A5,'02_dFMEA'!$A:$S,19,FALSE) -> ✅
A6: H-006 | B6: =VLOOKUP(A6,'02_dFMEA'!$A:$S,2,FALSE) -> Software | C6: =VLOOKUP(A6,'02_dFMEA'!$A:$S,4,FALSE) -> Caudal incorrecto | D6: =VLOOKUP(A6,'02_dFMEA'!$A:$S,5,FALSE) -> 5 | E6: =VLOOKUP(A6,'02_dFMEA'!$A:$S,12,FALSE) -> 3 | F6: =VLOOKUP(A6,'02_dFMEA'!$A:$S,13,FALSE) -> ❌ | G6: =VLOOKUP(A6,'02_dFMEA'!$A:$S,18,FALSE) -> 1 | H6: =VLOOKUP(A6,'02_dFMEA'!$A:$S,19,FALSE) -> ALARP
A7: H-008 | B7: =VLOOKUP(A7,'02_dFMEA'!$A:$S,2,FALSE) -> Mecánico | C7: =VLOOKUP(A7,'02_dFMEA'!$A:$S,4,FALSE) -> Flujo libre | D7: =VLOOKUP(A7,'02_dFMEA'!$A:$S,5,FALSE) -> 5 | E7: =VLOOKUP(A7,'02_dFMEA'!$A:$S,12,FALSE) -> 1 | F7: =VLOOKUP(A7,'02_dFMEA'!$A:$S,13,FALSE) -> ALARP | G7: =VLOOKUP(A7,'02_dFMEA'!$A:$S,18,FALSE) -> 1 | H7: =VLOOKUP(A7,'02_dFMEA'!$A:$S,19,FALSE) -> ALARP
A8: H-009 | B8: =VLOOKUP(A8,'02_dFMEA'!$A:$S,2,FALSE) -> Electrónico | C8: =VLOOKUP(A8,'02_dFMEA'!$A:$S,4,FALSE) -> Sin lectura | D8: =VLOOKUP(A8,'02_dFMEA'!$A:$S,5,FALSE) -> 4 | E8: =VLOOKUP(A8,'02_dFMEA'!$A:$S,12,FALSE) -> 2 | F8: =VLOOKUP(A8,'02_dFMEA'!$A:$S,13,FALSE) -> ALARP | G8: =VLOOKUP(A8,'02_dFMEA'!$A:$S,18,FALSE) -> 1 | H8: =VLOOKUP(A8,'02_dFMEA'!$A:$S,19,FALSE) -> ✅
A9: H-011 | B9: =VLOOKUP(A9,'02_dFMEA'!$A:$S,2,FALSE) -> Electrónico | C9: =VLOOKUP(A9,'02_dFMEA'!$A:$S,4,FALSE) -> Alarma silenciosa | D9: =VLOOKUP(A9,'02_dFMEA'!$A:$S,5,FALSE) -> 5 | E9: =VLOOKUP(A9,'02_dFMEA'!$A:$S,12,FALSE) -> 3 | F9: =VLOOKUP(A9,'02_dFMEA'!$A:$S,13,FALSE) -> ❌ | G9: =VLOOKUP(A9,'02_dFMEA'!$A:$S,18,FALSE) -> 1 | H9: =VLOOKUP(A9,'02_dFMEA'!$A:$S,19,FALSE) -> ALARP
A10: H-013 | B10: =VLOOKUP(A10,'02_dFMEA'!$A:$S,2,FALSE) -> Mecánico | C10: =VLOOKUP(A10,'02_dFMEA'!$A:$S,4,FALSE) -> Desconexión | D10: =VLOOKUP(A10,'02_dFMEA'!$A:$S,5,FALSE) -> 4 | E10: =VLOOKUP(A10,'02_dFMEA'!$A:$S,12,FALSE) -> 1 | F10: =VLOOKUP(A10,'02_dFMEA'!$A:$S,13,FALSE) -> ✅ | G10: =VLOOKUP(A10,'02_dFMEA'!$A:$S,18,FALSE) -> 1 | H10: =VLOOKUP(A10,'02_dFMEA'!$A:$S,19,FALSE) -> ✅
A11: H-014 | B11: =VLOOKUP(A11,'02_dFMEA'!$A:$S,2,FALSE) -> Electrónico | C11: =VLOOKUP(A11,'02_dFMEA'!$A:$S,4,FALSE) -> No detecta presión | D11: =VLOOKUP(A11,'02_dFMEA'!$A:$S,5,FALSE) -> 5 | E11: =VLOOKUP(A11,'02_dFMEA'!$A:$S,12,FALSE) -> 2 | F11: =VLOOKUP(A11,'02_dFMEA'!$A:$S,13,FALSE) -> ALARP | G11: =VLOOKUP(A11,'02_dFMEA'!$A:$S,18,FALSE) -> 1 | H11: =VLOOKUP(A11,'02_dFMEA'!$A:$S,19,FALSE) -> ALARP
A12: H-010 | B12: =VLOOKUP(A12,'02_dFMEA'!$A:$S,2,FALSE) -> Software | C12: =VLOOKUP(A12,'02_dFMEA'!$A:$S,4,FALSE) -> No responde | D12: =VLOOKUP(A12,'02_dFMEA'!$A:$S,5,FALSE) -> 3 | E12: =VLOOKUP(A12,'02_dFMEA'!$A:$S,12,FALSE) -> 5 | F12: =VLOOKUP(A12,'02_dFMEA'!$A:$S,13,FALSE) -> ❌ | G12: =VLOOKUP(A12,'02_dFMEA'!$A:$S,18,FALSE) -> 1 | H12: =VLOOKUP(A12,'02_dFMEA'!$A:$S,19,FALSE) -> ✅
A13: H-015 | B13: =VLOOKUP(A13,'02_dFMEA'!$A:$S,2,FALSE) -> Software | C13: =VLOOKUP(A13,'02_dFMEA'!$A:$S,4,FALSE) -> No responde serial | D13: =VLOOKUP(A13,'02_dFMEA'!$A:$S,5,FALSE) -> 3 | E13: =VLOOKUP(A13,'02_dFMEA'!$A:$S,12,FALSE) -> 4 | F13: =VLOOKUP(A13,'02_dFMEA'!$A:$S,13,FALSE) -> ALARP | G13: =VLOOKUP(A13,'02_dFMEA'!$A:$S,18,FALSE) -> 1 | H13: =VLOOKUP(A13,'02_dFMEA'!$A:$S,19,FALSE) -> ✅
A14: H-002 | B14: =VLOOKUP(A14,'03_uFMEA'!$A:$R,2,FALSE) -> Digita 150 vs 15 | C14: =VLOOKUP(A14,'03_uFMEA'!$A:$R,2,FALSE) -> Digita 150 vs 15 | D14: =VLOOKUP(A14,'03_uFMEA'!$A:$R,4,FALSE) -> 5 | E14: =VLOOKUP(A14,'03_uFMEA'!$A:$R,11,FALSE) -> 5 | F14: =VLOOKUP(A14,'03_uFMEA'!$A:$R,12,FALSE) -> ❌ | G14: =VLOOKUP(A14,'03_uFMEA'!$A:$R,17,FALSE) -> 1 | H14: =VLOOKUP(A14,'03_uFMEA'!$A:$R,18,FALSE) -> ALARP
A15: H-007 | B15: =VLOOKUP(A15,'03_uFMEA'!$A:$R,2,FALSE) -> Olvida calibrar | C15: =VLOOKUP(A15,'03_uFMEA'!$A:$R,2,FALSE) -> Olvida calibrar | D15: =VLOOKUP(A15,'03_uFMEA'!$A:$R,4,FALSE) -> 4 | E15: =VLOOKUP(A15,'03_uFMEA'!$A:$R,11,FALSE) -> 4 | F15: =VLOOKUP(A15,'03_uFMEA'!$A:$R,12,FALSE) -> ❌ | G15: =VLOOKUP(A15,'03_uFMEA'!$A:$R,17,FALSE) -> 1 | H15: =VLOOKUP(A15,'03_uFMEA'!$A:$R,18,FALSE) -> ✅
A16: H-012 | B16: =VLOOKUP(A16,'03_uFMEA'!$A:$R,2,FALSE) -> Confunde botones | C16: =VLOOKUP(A16,'03_uFMEA'!$A:$R,2,FALSE) -> Confunde botones | D16: =VLOOKUP(A16,'03_uFMEA'!$A:$R,4,FALSE) -> 4 | E16: =VLOOKUP(A16,'03_uFMEA'!$A:$R,11,FALSE) -> 5 | F16: =VLOOKUP(A16,'03_uFMEA'!$A:$R,12,FALSE) -> ❌ | G16: =VLOOKUP(A16,'03_uFMEA'!$A:$R,17,FALSE) -> 1 | H16: =VLOOKUP(A16,'03_uFMEA'!$A:$R,18,FALSE) -> ✅
A17: H-005 | B17: =VLOOKUP(A17,'03_uFMEA'!$A:$R,2,FALSE) -> No detecta alarma | C17: =VLOOKUP(A17,'03_uFMEA'!$A:$R,2,FALSE) -> No detecta alarma | D17: =VLOOKUP(A17,'03_uFMEA'!$A:$R,4,FALSE) -> 4 | E17: =VLOOKUP(A17,'03_uFMEA'!$A:$R,11,FALSE) -> 5 | F17: =VLOOKUP(A17,'03_uFMEA'!$A:$R,12,FALSE) -> ❌ | G17: =VLOOKUP(A17,'03_uFMEA'!$A:$R,17,FALSE) -> 1 | H17: =VLOOKUP(A17,'03_uFMEA'!$A:$R,18,FALSE) -> ✅
A18: H-003 | B18: =VLOOKUP(A18,'03_uFMEA'!$A:$R,2,FALSE) -> No conecta cable | C18: =VLOOKUP(A18,'03_uFMEA'!$A:$R,2,FALSE) -> No conecta cable | D18: =VLOOKUP(A18,'03_uFMEA'!$A:$R,4,FALSE) -> 3 | E18: =VLOOKUP(A18,'03_uFMEA'!$A:$R,11,FALSE) -> 4 | F18: =VLOOKUP(A18,'03_uFMEA'!$A:$R,12,FALSE) -> ALARP | G18: =VLOOKUP(A18,'03_uFMEA'!$A:$R,17,FALSE) -> 1 | H18: =VLOOKUP(A18,'03_uFMEA'!$A:$R,18,FALSE) -> ✅
A19: H-008 | B19: =VLOOKUP(A19,'03_uFMEA'!$A:$R,2,FALSE) -> Acopla tubing mal | C19: =VLOOKUP(A19,'03_uFMEA'!$A:$R,2,FALSE) -> Acopla tubing mal | D19: =VLOOKUP(A19,'03_uFMEA'!$A:$R,4,FALSE) -> 5 | E19: =VLOOKUP(A19,'03_uFMEA'!$A:$R,11,FALSE) -> 5 | F19: =VLOOKUP(A19,'03_uFMEA'!$A:$R,12,FALSE) -> ❌ | G19: =VLOOKUP(A19,'03_uFMEA'!$A:$R,17,FALSE) -> 1 | H19: =VLOOKUP(A19,'03_uFMEA'!$A:$R,18,FALSE) -> ALARP
A20: H-014 | B20: =VLOOKUP(A20,'03_uFMEA'!$A:$R,2,FALSE) -> Ignora alarma presión | C20: =VLOOKUP(A20,'03_uFMEA'!$A:$R,2,FALSE) -> Ignora alarma presión | D20: =VLOOKUP(A20,'03_uFMEA'!$A:$R,4,FALSE) -> 4 | E20: =VLOOKUP(A20,'03_uFMEA'!$A:$R,11,FALSE) -> 5 | F20: =VLOOKUP(A20,'03_uFMEA'!$A:$R,12,FALSE) -> ❌ | G20: =VLOOKUP(A20,'03_uFMEA'!$A:$R,17,FALSE) -> 1 | H20: =VLOOKUP(A20,'03_uFMEA'!$A:$R,18,FALSE) -> ✅

Sheet 05_Risk_Control
A1: Risk Control
A3: ID_Control | B3: ID_Hazard | C3: S | D3: Nivel_P_i | E3: RI_i | F3: Control_Type | G3: Control_Desc | H3: Verification | I3: Nivel_P_r | J3: RR_r | K3: Status
A4: RC-01 | B4: H-001 | C4: =IFERROR(VLOOKUP(B4,'02_dFMEA'!$A:$S,5,FALSE),VLOOKUP(B4,'03_uFMEA'!$A:$R,4,FALSE)) -> 5 | D4: =IFERROR(VLOOKUP(B4,'02_dFMEA'!$A:$S,12,FALSE),VLOOKUP(B4,'03_uFMEA'!$A:$R,11,FALSE)) -> 1 | E4: =IFERROR(VLOOKUP(B4,'02_dFMEA'!$A:$S,13,FALSE),VLOOKUP(B4,'03_uFMEA'!$A:$R,12,FALSE)) -> ALARP | F4: Inherently safe design | G4: Clamp activo con resorte doble | H4: Test flujo libre | I4: =IFERROR(VLOOKUP(B4,'02_dFMEA'!$A:$S,18,FALSE),VLOOKUP(B4,'03_uFMEA'!$A:$R,17,FALSE)) -> 1 | J4: =IFERROR(VLOOKUP(B4,'02_dFMEA'!$A:$S,19,FALSE),VLOOKUP(B4,'03_uFMEA'!$A:$R,18,FALSE)) -> ALARP | K4: Verificado
A5: RC-02 | B5: H-004 | C5: =IFERROR(VLOOKUP(B5,'02_dFMEA'!$A:$S,5,FALSE),VLOOKUP(B5,'03_uFMEA'!$A:$R,4,FALSE)) -> 4 | D5: =IFERROR(VLOOKUP(B5,'02_dFMEA'!$A:$S,12,FALSE),VLOOKUP(B5,'03_uFMEA'!$A:$R,11,FALSE)) -> 2 | E5: =IFERROR(VLOOKUP(B5,'02_dFMEA'!$A:$S,13,FALSE),VLOOKUP(B5,'03_uFMEA'!$A:$R,12,FALSE)) -> ALARP | F5: Protective measure | G5: Watchdog+Sensor caudal | H5: Test caudal | I5: =IFERROR(VLOOKUP(B5,'02_dFMEA'!$A:$S,18,FALSE),VLOOKUP(B5,'03_uFMEA'!$A:$R,17,FALSE)) -> 1 | J5: =IFERROR(VLOOKUP(B5,'02_dFMEA'!$A:$S,19,FALSE),VLOOKUP(B5,'03_uFMEA'!$A:$R,18,FALSE)) -> ✅ | K5: Implementado
A6: RC-03 | B6: H-006 | C6: =IFERROR(VLOOKUP(B6,'02_dFMEA'!$A:$S,5,FALSE),VLOOKUP(B6,'03_uFMEA'!$A:$R,4,FALSE)) -> 5 | D6: =IFERROR(VLOOKUP(B6,'02_dFMEA'!$A:$S,12,FALSE),VLOOKUP(B6,'03_uFMEA'!$A:$R,11,FALSE)) -> 3 | E6: =IFERROR(VLOOKUP(B6,'02_dFMEA'!$A:$S,13,FALSE),VLOOKUP(B6,'03_uFMEA'!$A:$R,12,FALSE)) -> ❌ | F6: Inherently safe design | G6: Revisión código MISRA C | H6: Prueba caja blanca | I6: =IFERROR(VLOOKUP(B6,'02_dFMEA'!$A:$S,18,FALSE),VLOOKUP(B6,'03_uFMEA'!$A:$R,17,FALSE)) -> 1 | J6: =IFERROR(VLOOKUP(B6,'02_dFMEA'!$A:$S,19,FALSE),VLOOKUP(B6,'03_uFMEA'!$A:$R,18,FALSE)) -> ALARP | K6: Implementado
A7: RC-04 | B7: H-008 | C7: =IFERROR(VLOOKUP(B7,'02_dFMEA'!$A:$S,5,FALSE),VLOOKUP(B7,'03_uFMEA'!$A:$R,4,FALSE)) -> 5 | D7: =IFERROR(VLOOKUP(B7,'02_dFMEA'!$A:$S,12,FALSE),VLOOKUP(B7,'03_uFMEA'!$A:$R,11,FALSE)) -> 1 | E7: =IFERROR(VLOOKUP(B7,'02_dFMEA'!$A:$S,13,FALSE),VLOOKUP(B7,'03_uFMEA'!$A:$R,12,FALSE)) -> ALARP | F7: Inherently safe design | G7: Conector luer-lock seguro | H7: Test mecánico | I7: =IFERROR(VLOOKUP(B7,'02_dFMEA'!$A:$S,18,FALSE),VLOOKUP(B7,'03_uFMEA'!$A:$R,17,FALSE)) -> 1 | J7: =IFERROR(VLOOKUP(B7,'02_dFMEA'!$A:$S,19,FALSE),VLOOKUP(B7,'03_uFMEA'!$A:$R,18,FALSE)) -> ALARP | K7: Verificado
A8: RC-05 | B8: H-009 | C8: =IFERROR(VLOOKUP(B8,'02_dFMEA'!$A:$S,5,FALSE),VLOOKUP(B8,'03_uFMEA'!$A:$R,4,FALSE)) -> 4 | D8: =IFERROR(VLOOKUP(B8,'02_dFMEA'!$A:$S,12,FALSE),VLOOKUP(B8,'03_uFMEA'!$A:$R,11,FALSE)) -> 2 | E8: =IFERROR(VLOOKUP(B8,'02_dFMEA'!$A:$S,13,FALSE),VLOOKUP(B8,'03_uFMEA'!$A:$R,12,FALSE)) -> ALARP | F8: Protective measure | G8: Auto-test periódico sensor | H8: Test sensor | I8: =IFERROR(VLOOKUP(B8,'02_dFMEA'!$A:$S,18,FALSE),VLOOKUP(B8,'03_uFMEA'!$A:$R,17,FALSE)) -> 1 | J8: =IFERROR(VLOOKUP(B8,'02_dFMEA'!$A:$S,19,FALSE),VLOOKUP(B8,'03_uFMEA'!$A:$R,18,FALSE)) -> ✅ | K8: En proceso
A9: RC-06 | B9: H-011 | C9: =IFERROR(VLOOKUP(B9,'02_dFMEA'!$A:$S,5,FALSE),VLOOKUP(B9,'03_uFMEA'!$A:$R,4,FALSE)) -> 5 | D9: =IFERROR(VLOOKUP(B9,'02_dFMEA'!$A:$S,12,FALSE),VLOOKUP(B9,'03_uFMEA'!$A:$R,11,FALSE)) -> 3 | E9: =IFERROR(VLOOKUP(B9,'02_dFMEA'!$A:$S,13,FALSE),VLOOKUP(B9,'03_uFMEA'!$A:$R,12,FALSE)) -> ❌ | F9: Protective measure | G9: Test alarma automático inicio | H9: Test funcional | I9: =IFERROR(VLOOKUP(B9,'02_dFMEA'!$A:$S,18,FALSE),VLOOKUP(B9,'03_uFMEA'!$A:$R,17,FALSE)) -> 1 | J9: =IFERROR(VLOOKUP(B9,'02_dFMEA'!$A:$S,19,FALSE),VLOOKUP(B9,'03_uFMEA'!$A:$R,18,FALSE)) -> ALARP | K9: Implementado
A10: RC-07 | B10: H-013 | C10: =IFERROR(VLOOKUP(B10,'02_dFMEA'!$A:$S,5,FALSE),VLOOKUP(B10,'03_uFMEA'!$A:$R,4,FALSE)) -> 4 | D10: =IFERROR(VLOOKUP(B10,'02_dFMEA'!$A:$S,12,FALSE),VLOOKUP(B10,'03_uFMEA'!$A:$R,11,FALSE)) -> 1 | E10: =IFERROR(VLOOKUP(B10,'02_dFMEA'!$A:$S,13,FALSE),VLOOKUP(B10,'03_uFMEA'!$A:$R,12,FALSE)) -> ✅ | F10: Inherently safe design | G10: Conector con seguro | H10: Test conectores | I10: =IFERROR(VLOOKUP(B10,'02_dFMEA'!$A:$S,18,FALSE),VLOOKUP(B10,'03_uFMEA'!$A:$R,17,FALSE)) -> 1 | J10: =IFERROR(VLOOKUP(B10,'02_dFMEA'!$A:$S,19,FALSE),VLOOKUP(B10,'03_uFMEA'!$A:$R,18,FALSE)) -> ✅ | K10: Verificado
A11: RC-08 | B11: H-014 | C11: =IFERROR(VLOOKUP(B11,'02_dFMEA'!$A:$S,5,FALSE),VLOOKUP(B11,'03_uFMEA'!$A:$R,4,FALSE)) -> 5 | D11: =IFERROR(VLOOKUP(B11,'02_dFMEA'!$A:$S,12,FALSE),VLOOKUP(B11,'03_uFMEA'!$A:$R,11,FALSE)) -> 2 | E11: =IFERROR(VLOOKUP(B11,'02_dFMEA'!$A:$S,13,FALSE),VLOOKUP(B11,'03_uFMEA'!$A:$R,12,FALSE)) -> ALARP | F11: Protective measure | G11: Alarma no silenciable | H11: Test alarma | I11: =IFERROR(VLOOKUP(B11,'02_dFMEA'!$A:$S,18,FALSE),VLOOKUP(B11,'03_uFMEA'!$A:$R,17,FALSE)) -> 1 | J11: =IFERROR(VLOOKUP(B11,'02_dFMEA'!$A:$S,19,FALSE),VLOOKUP(B11,'03_uFMEA'!$A:$R,18,FALSE)) -> ALARP | K11: Implementado
A12: RC-09 | B12: H-010 | C12: =IFERROR(VLOOKUP(B12,'02_dFMEA'!$A:$S,5,FALSE),VLOOKUP(B12,'03_uFMEA'!$A:$R,4,FALSE)) -> 3 | D12: =IFERROR(VLOOKUP(B12,'02_dFMEA'!$A:$S,12,FALSE),VLOOKUP(B12,'03_uFMEA'!$A:$R,11,FALSE)) -> 5 | E12: =IFERROR(VLOOKUP(B12,'02_dFMEA'!$A:$S,13,FALSE),VLOOKUP(B12,'03_uFMEA'!$A:$R,12,FALSE)) -> ❌ | F12: Protective measure | G12: Watchdog HW reinicio | H12: Test integración | I12: =IFERROR(VLOOKUP(B12,'02_dFMEA'!$A:$S,18,FALSE),VLOOKUP(B12,'03_uFMEA'!$A:$R,17,FALSE)) -> 1 | J12: =IFERROR(VLOOKUP(B12,'02_dFMEA'!$A:$S,19,FALSE),VLOOKUP(B12,'03_uFMEA'!$A:$R,18,FALSE)) -> ✅ | K12: En proceso
A13: RC-10 | B13: H-015 | C13: =IFERROR(VLOOKUP(B13,'02_dFMEA'!$A:$S,5,FALSE),VLOOKUP(B13,'03_uFMEA'!$A:$R,4,FALSE)) -> 3 | D13: =IFERROR(VLOOKUP(B13,'02_dFMEA'!$A:$S,12,FALSE),VLOOKUP(B13,'03_uFMEA'!$A:$R,11,FALSE)) -> 4 | E13: =IFERROR(VLOOKUP(B13,'02_dFMEA'!$A:$S,13,FALSE),VLOOKUP(B13,'03_uFMEA'!$A:$R,12,FALSE)) -> ALARP | F13: Inherently safe design | G13: Sanitización entrada | H13: Test seguridad | I13: =IFERROR(VLOOKUP(B13,'02_dFMEA'!$A:$S,18,FALSE),VLOOKUP(B13,'03_uFMEA'!$A:$R,17,FALSE)) -> 1 | J13: =IFERROR(VLOOKUP(B13,'02_dFMEA'!$A:$S,19,FALSE),VLOOKUP(B13,'03_uFMEA'!$A:$R,18,FALSE)) -> ✅ | K13: Planificado
A14: RC-11 | B14: H-002 | C14: =IFERROR(VLOOKUP(B14,'02_dFMEA'!$A:$S,5,FALSE),VLOOKUP(B14,'03_uFMEA'!$A:$R,4,FALSE)) -> 5 | D14: =IFERROR(VLOOKUP(B14,'02_dFMEA'!$A:$S,12,FALSE),VLOOKUP(B14,'03_uFMEA'!$A:$R,11,FALSE)) -> 5 | E14: =IFERROR(VLOOKUP(B14,'02_dFMEA'!$A:$S,13,FALSE),VLOOKUP(B14,'03_uFMEA'!$A:$R,12,FALSE)) -> ❌ | F14: Inherently safe design | G14: Drug Library soft/hard limits | H14: Estudio usabilidad | I14: =IFERROR(VLOOKUP(B14,'02_dFMEA'!$A:$S,18,FALSE),VLOOKUP(B14,'03_uFMEA'!$A:$R,17,FALSE)) -> 1 | J14: =IFERROR(VLOOKUP(B14,'02_dFMEA'!$A:$S,19,FALSE),VLOOKUP(B14,'03_uFMEA'!$A:$R,18,FALSE)) -> ALARP | K14: Implementado
A15: RC-12 | B15: H-007 | C15: =IFERROR(VLOOKUP(B15,'02_dFMEA'!$A:$S,5,FALSE),VLOOKUP(B15,'03_uFMEA'!$A:$R,4,FALSE)) -> 4 | D15: =IFERROR(VLOOKUP(B15,'02_dFMEA'!$A:$S,12,FALSE),VLOOKUP(B15,'03_uFMEA'!$A:$R,11,FALSE)) -> 4 | E15: =IFERROR(VLOOKUP(B15,'02_dFMEA'!$A:$S,13,FALSE),VLOOKUP(B15,'03_uFMEA'!$A:$R,12,FALSE)) -> ❌ | F15: Safety information | G15: Manual IFU advertencias | H15: Revisión IFU | I15: =IFERROR(VLOOKUP(B15,'02_dFMEA'!$A:$S,18,FALSE),VLOOKUP(B15,'03_uFMEA'!$A:$R,17,FALSE)) -> 1 | J15: =IFERROR(VLOOKUP(B15,'02_dFMEA'!$A:$S,19,FALSE),VLOOKUP(B15,'03_uFMEA'!$A:$R,18,FALSE)) -> ✅ | K15: Implementado

Sheet 06_Overall_RR
A1: Overall Residual Risk Assessment
A3: Métrica | B3: Inicial | C3: Residual
A4: Total Riesgos | B4: =COUNTA('04_Risk_Eval'!A4:A20) -> 17 | C4: =COUNTA('04_Risk_Eval'!A4:A20) -> 17
A5: ❌ INACEPTABLE | B5: =COUNTIF('04_Risk_Eval'!F4:F20,"❌*") -> 9 | C5: =COUNTIF('04_Risk_Eval'!H4:H20,"❌*") -> 0
A6: ALARP | B6: =COUNTIF('04_Risk_Eval'!F4:F20,"ALARP*") -> 7 | C6: =COUNTIF('04_Risk_Eval'!H4:H20,"ALARP*") -> 7
A7: ✅ ACEPTABLE | B7: =COUNTIF('04_Risk_Eval'!F4:F20,"✅*") -> 1 | C7: =COUNTIF('04_Risk_Eval'!H4:H20,"✅*") -> 10

Sheet 07_RMR
A1: Risk Management Review (RMR)
A3: Objetivo | B3: Criterio | C3: Resultado | D3: Evidencia
A4: Todos los peligros identificados | B4: Peligros ≥ 10 | C4: [Sí/No] | D4: Link a 01_PHA
A5: Riesgos evaluados | B5: P_daño estimado para cada | C5: [Sí/No] | D5: Link a 02/03 FMEA
A6: Controles implementados | B6: RC para cada ❌ | C6: [Sí/No] | D6: Link a 05_Risk_Control
A7: Riesgo residual aceptable | B7: P_residual = ALARP | C7: [Sí/No] | D7: Link a 06_Overall_RR
A8: Documentación completa | B8: RMP, FMEA, RC, RMR | C8: [Sí/No] | D8: Link a GitHub DHF
A9: Verificación evidenciada | B9: Pruebas documentadas | C9: [Sí/No] | D9: Link a evidencia

Sheet 08_PostProd
A1: Post-Production Monitoring and Management
A3: Actividad | B3: Indicador | C3: Frecuencia | D3: Responsable
A4: Reporte de incidentes | B4: Eventos adversos | C4: Continua | D4: Servicio Técnico
A5: Análisis de tendencias | B5: Fallos reportados | C5: Trimestral | D5: Ingeniería
A6: Actualización RMF | B6: Nuevos peligros | C6: Anual | D6: Gestión de Riesgos
A7: Revisión de controles | B7: Eficacia de medidas | C7: Anual | D7: Aseguramiento Calidad
A8: Literatura clínica | B8: Nuevas publicaciones | C8: Semestral | D8: Ingeniería
A9: Encuesta usuario | B9: Quejas y sugerencias | C9: Semestral | D9: Usabilidad

Sheet Dashboard
A1: DASHBOARD — RMF | BIV-300
A3: SUMMARY METRICS
A4: Total Peligros Identificados | B4: =COUNTA('01_PHA'!A4:A18) -> 15
A5: Total Riesgos Analizados | B5: =COUNTA('04_Risk_Eval'!A4:A20) -> 17
A6: Riesgos ❌ INACEPTABLE (inicial) | B6: =COUNTIF('04_Risk_Eval'!F4:F20,"❌*") -> 9
A7: Riesgos ALARP (inicial) | B7: =COUNTIF('04_Risk_Eval'!F4:F20,"ALARP*") -> 7
A8: Riesgos ❌ INACEPTABLE (residual) | B8: =COUNTIF('04_Risk_Eval'!H4:H20,"❌*") -> 0
A9: Riesgos ✅ ACEPTABLE (residual) | B9: =COUNTIF('04_Risk_Eval'!H4:H20,"✅*") -> 10
A11: DATOS PARA GRÁFICOS
A12: Estado | B12: Inicial | C12: Residual
A13: ❌ INACEPTABLE | B13: =COUNTIF('04_Risk_Eval'!F4:F20,"❌*") -> 9 | C13: =COUNTIF('04_Risk_Eval'!H4:H20,"❌*") -> 0
A14: ALARP | B14: =COUNTIF('04_Risk_Eval'!F4:F20,"ALARP*") -> 7 | C14: =COUNTIF('04_Risk_Eval'!H4:H20,"ALARP*") -> 7
A15: ✅ ACEPTABLE | B15: =COUNTIF('04_Risk_Eval'!F4:F20,"✅*") -> 1 | C15: =COUNTIF('04_Risk_Eval'!H4:H20,"✅*") -> 10
A32: ⚠️ INSTRUCCIONES: 1) Completa 01_PHA → 2) Analiza en 02/03 FMEA → 3) Dashboard se actualiza automáticamente → 4) Columnas en AMARILLO son automáticas, NO editar
